{"cameraMode":{"drawMode":0,"name":"Shaded","section":"Shading Mode"},"sceneLighting":true,"audioPlay":false,"sceneViewState":{"showFog":true,"showMaterialUpdate":false,"showSkybox":true,"showFlares":true,"showImageEffects":true,"showParticleSystems":true},"in2DMode":false,"pivot":{"x":324.69940185546877,"y":214.917236328125,"z":18.72613525390625},"rotation":{"x":-0.007809589151293039,"y":0.006596667226403952,"z":-0.00005149146090843715,"w":-0.9999484419822693},"size":820.7530517578125,"orthographic":false}